[{
    "id": "001",
    "case_no": "3453",
    "child_name": "Jenson",
    "gender": "Female",
    "birth_date": "2021-02-25T14:22:18Z",
    "mother_name": "Eva Willis",
    "father_name": "Laurel Maxwell",
    "mobile": "1234567890",
    "address": "76 E. Lower River St.",
    "node": "Normal Delivery"
  },
  {
    "id": "002",
    "case_no": "3276",
    "child_name": "Vania",
    "gender": "Female",
    "birth_date": "2021-02-22T14:22:18Z",
    "mother_name": "Camille Mckinney",
    "father_name": "Terry Ball",
    "mobile": "1234567890",
    "address": "36 Addison Drive",
    "node": "Normal Delivery"
  },
  {
    "id": "003",
    "case_no": "6823",
    "child_name": "Basil",
    "gender": "Male",
    "birth_date": "2021-02-12T14:22:18Z",
    "mother_name": "Ramona Freeman",
    "father_name": "Johnny Mack",
    "mobile": "1234567890",
    "address": "374 Hickory Circle",
    "node": "Normal Delivery"
  },
  {
    "id": "004",
    "case_no": "1563",
    "child_name": "Karen",
    "gender": "Male",
    "birth_date": "2021-02-15T14:22:18Z",
    "mother_name": "Serena Bond",
    "father_name": "Marvin Miller",
    "mobile": "1234567890",
    "address": "8108 Columbia Lane",
    "node": "Normal Delivery"
  },
  {
    "id": "005",
    "case_no": "342",
    "child_name": "Warren",
    "gender": "Female",
    "birth_date": "2021-02-05T14:22:18Z",
    "mother_name": "Mia Howell",
    "father_name": "Woody Robinson",
    "mobile": "1234567890",
    "address": "43 St Margarets Rd.",
    "node": "Normal Delivery"
  },
  {
    "id": "006",
    "case_no": "78",
    "child_name": "Leon",
    "gender": "Male",
    "birth_date": "2021-02-02T14:22:18Z",
    "mother_name": "Vania Jackson",
    "father_name": "Baxter Burgess",
    "mobile": "1234567890",
    "address": "8642 Greenrose Street",
    "node": "Normal Delivery"
  },
  {
    "id": "007",
    "case_no": "974",
    "child_name": "Elmer",
    "gender": "Female",
    "birth_date": "2021-02-11T14:22:18Z",
    "mother_name": "Regina Yates",
    "father_name": "Randall Smart",
    "mobile": "1234567890",
    "address": "72 South Sage Road",
    "node": "Normal Delivery"
  },
  {
    "id": "008",
    "case_no": "2394",
    "child_name": "Daphne",
    "gender": "Female",
    "birth_date": "2021-02-19T14:22:18Z",
    "mother_name": "Wanda Castro",
    "father_name": "Marlon Palmer",
    "mobile": "1234567890",
    "address": "96 N. Magnolia St.",
    "node": "Normal Delivery"
  },
  {
    "id": "009",
    "case_no": "5569",
    "child_name": "Calvin",
    "gender": "Male",
    "birth_date": "2021-02-27T14:22:18Z",
    "mother_name": "Vanessa Vargas",
    "father_name": "Dominic Griffith",
    "mobile": "1234567890",
    "address": "223 Santa Clara Court",
    "node": "Normal Delivery"
  },
  {
    "id": "010",
    "case_no": "2394",
    "child_name": "Simona",
    "gender": "Male",
    "birth_date": "2021-02-19T14:22:18Z",
    "mother_name": "Hattie Robbins",
    "father_name": "Halbert Mendez",
    "mobile": "1234567890",
    "address": "7 Washington St.",
    "node": "Normal Delivery"
  },
  {
    "id": "011",
    "case_no": "2497",
    "child_name": "Hadley",
    "gender": "Female",
    "birth_date": "2021-02-24T14:22:18Z",
    "mother_name": "Trista Reed",
    "father_name": "Doran Stevens",
    "mobile": "1234567890",
    "address": "96 N. Magnolia St",
    "node": "Normal Delivery"
  },
  {
    "id": "012",
    "case_no": "2783",
    "child_name": "Mona",
    "gender": "Male",
    "birth_date": "2021-02-28T14:22:18Z",
    "mother_name": "Clara Waters",
    "father_name": "Richard Chambers",
    "mobile": "1234567890",
    "address": "6 Walt Whitman Drive",
    "node": "Normal Delivery"
  },
  {
    "id": "013",
    "case_no": "1297",
    "child_name": "Megan",
    "gender": "Female",
    "birth_date": "2021-02-26T14:22:18Z",
    "mother_name": "Mandy Reyes",
    "father_name": "Gerard Hayes",
    "mobile": "1234567890",
    "address": "7226 E. Snake Hill Court",
    "node": "Normal Delivery"
  },
  {
    "id": "014",
    "case_no": "2312",
    "child_name": "Hayden",
    "gender": "Male",
    "birth_date": "2021-02-09T14:22:18Z",
    "mother_name": "Elaine Padilla",
    "father_name": "William Woolridge",
    "mobile": "1234567890",
    "address": "78 Hamilton Road",
    "node": "Normal Delivery"
  },
  {
    "id": "015",
    "case_no": "4344",
    "child_name": "Monika",
    "gender": "Female",
    "birth_date": "2021-02-10T14:22:18Z",
    "mother_name": "Madge Kelley",
    "father_name": "Jackson Hubbard",
    "mobile": "1234567890",
    "address": "11,Shyam appt. Rajkot",
    "node": "Normal Delivery"
  },
  {
    "id": "016",
    "case_no": "8863",
    "child_name": "Jayesh",
    "gender": "Male",
    "birth_date": "2021-02-14T14:22:18Z",
    "mother_name": "Mona Lawrence",
    "father_name": "Albert Barker",
    "mobile": "1234567890",
    "address": "7608 Augusta Street",
    "node": "Normal Delivery"
  }
]
