[{
    "id": "001",
    "img": "https://www.einfosoft.com/templates/admin/cliniva/source/light/assets/images/user/user1.jpg",
    "specialization": "Prostate",
    "email": "test@email.com",
    "date": "2018-02-25T14:22:18Z",
    "department": "Urology",
    "mobile": "1234567890",
    "name": "Dr.John Doe",
    "degree": "MBBS,MS"
  },
  {
    "id": "002",
    "img": "https://www.einfosoft.com/templates/admin/cliniva/source/light/assets/images/user/user2.jpg",
    "specialization": "Dental ",
    "email": "test@email.com",
    "date": "2018-02-12T14:22:18Z",
    "department": "Dentist",
    "mobile": "1234567890",
    "name": "Dr.Sarah Smith",
    "degree": "BHMS"
  },
  {
    "id": "003",
    "img": "https://www.einfosoft.com/templates/admin/cliniva/source/light/assets/images/user/user3.jpg",
    "specialization": "Cholera",
    "email": "test@email.com",
    "date": "2018-02-25T14:22:18Z",
    "department": "General",
    "mobile": "1234567890",
    "name": "Dr.Rajesh",
    "degree": "MBBS,MD"
  },
  {
    "id": "004",
    "img": "https://www.einfosoft.com/templates/admin/cliniva/source/light/assets/images/user/user4.jpg",
    "specialization": "Kidney",
    "email": "test@email.com",
    "date": "2018-02-25T14:22:18Z",
    "department": "Urology",
    "mobile": "1234567890",
    "name": "Dr.Jay Soni",
    "degree": "MBBS,MS"
  },
  {
    "id": "005",
    "img": "https://www.einfosoft.com/templates/admin/cliniva/source/light/assets/images/user/user5.jpg",
    "specialization": "Prostate",
    "email": "test@email.com",
    "date": "2018-02-25T14:22:18Z",
    "department": "Gynecology",
    "mobile": "1234567890",
    "name": "Dr.Rajesh",
    "degree": "MBBS,MS"
  },
  {
    "id": "006",
    "img": "https://www.einfosoft.com/templates/admin/cliniva/source/light/assets/images/user/user6.jpg",
    "specialization": "Prostate",
    "email": "test@email.com",
    "date": "2018-02-25T14:22:18Z",
    "department": "Oncology",
    "mobile": "1234567890",
    "name": "Dr.John Doe",
    "degree": "MBBS,MS"
  },
  {
    "id": "007",
    "img": "https://www.einfosoft.com/templates/admin/cliniva/source/light/assets/images/user/user7.jpg",
    "specialization": "infertility",
    "email": "test@email.com",
    "date": "2018-02-25T14:22:18Z",
    "department": "Otolaryngology",
    "mobile": "1234567890",
    "name": "Dr.Cara Stevens",
    "degree": "MBBS,MS"
  },
  {
    "id": "008",
    "img": "https://www.einfosoft.com/templates/admin/cliniva/source/light/assets/images/user/user8.jpg",
    "specialization": "cancer",
    "email": "test@email.com",
    "date": "2018-02-25T14:22:18Z",
    "department": "Radiology",
    "mobile": "1234567890",
    "name": "Dr.Jay Soni",
    "degree": "MBBS,MS"
  },
  {
    "id": "009",
    "img": "https://www.einfosoft.com/templates/admin/cliniva/source/light/assets/images/user/user9.jpg",
    "specialization": "Ear, Nose",
    "email": "test@email.com",
    "date": "2018-02-25T14:22:18Z",
    "department": "Urology",
    "mobile": "1234567890",
    "name": "Dr.Angelica Ramos",
    "degree": "MBBS,MS"
  },
  {
    "id": "010",
    "img": "https://www.einfosoft.com/templates/admin/cliniva/source/light/assets/images/user/user10.jpg",
    "specialization": "Radiology",
    "email": "test@email.com",
    "date": "2018-02-25T14:22:18Z",
    "department": "Dentist",
    "mobile": "1234567890",
    "name": "Dr.Airi Satou",
    "degree": "MBBS,MS"
  },
  {
    "id": "011",
    "img": "assets/images/user/user1.jpg",
    "specialization": "Kidney",
    "email": "test@email.com",
    "date": "2018-02-25T14:22:18Z",
    "department": "General",
    "mobile": "1234567890",
    "name": "Dr.Jay Soni",
    "degree": "MBBS,MS"
  },
  {
    "id": "012",
    "img": "assets/images/user/user1.jpg",
    "specialization": "Prostate",
    "email": "test@email.com",
    "date": "2018-02-25T14:22:18Z",
    "department": "Urology",
    "mobile": "1234567890",
    "name": "Dr.Cara Stevens",
    "degree": "MBBS,MS"
  },
  {
    "id": "013",
    "img": "assets/images/user/user2.jpg",
    "specialization": "Dental ",
    "email": "test@email.com",
    "date": "2018-02-25T14:22:18Z",
    "department": "Urology",
    "mobile": "1234567890",
    "name": "Dr.Sarah Smith",
    "degree": "BHMS"
  },
  {
    "id": "014",
    "img": "assets/images/user/user3.jpg",
    "specialization": "Cholera",
    "email": "test@email.com",
    "date": "2018-02-25T14:22:18Z",
    "department": "Gynecology",
    "mobile": "1234567890",
    "name": "Dr.Ashton Cox",
    "degree": "MBBS,MD"
  },
  {
    "id": "015",
    "img": "assets/images/user/user4.jpg",
    "specialization": "Kidney",
    "email": "test@email.com",
    "date": "2018-02-25T14:22:18Z",
    "department": "Otolaryngology",
    "mobile": "1234567890",
    "name": "Dr.Jay Soni",
    "degree": "MBBS,MS"
  },
  {
    "id": "016",
    "img": "assets/images/user/user5.jpg",
    "specialization": "Prostate",
    "email": "test@email.com",
    "date": "2018-02-25T14:22:18Z",
    "department": "General",
    "mobile": "1234567890",
    "name": "Dr.Angelica Ramos",
    "degree": "MBBS,MS"
  }
]
